{"options":{"check_for_updates":true,"comment":null,"compat_foreach":false,"compat_metadata":false,"compat_powerful_this":null,"compat_prototypes":false,"compat_wrappedjsobject":false,"compatopts_for_requires":true,"noframes":null,"override":{"merge_connects":true,"merge_excludes":true,"merge_includes":true,"merge_matches":true,"orig_connects":[],"orig_excludes":[],"orig_includes":[],"orig_matches":["https://atcoder.jp/contests/*/tasks/*","https://atcoder.jp/contests/*/submit*","https://atcoder.jp/contests/*/custom_test*"],"orig_noframes":null,"orig_run_at":"document-idle","use_blockers":[],"use_connects":[],"use_excludes":[],"use_includes":[],"use_matches":[]},"run_at":null,"tab_types":null,"unwrap":null},"settings":{"enabled":true,"position":1},"meta":{"name":"AtCoderLanguageButtons","uuid":"709b38ed-5d73-4c32-8e31-736a05c39259","modified":1654443804904,"file_url":"https://greasyfork.org/scripts/421663-atcoderlanguagebuttons/code/AtCoderLanguageButtons.user.js"}}