{"options":{"check_for_updates":true,"comment":null,"compat_foreach":false,"compat_metadata":false,"compat_powerful_this":null,"compat_prototypes":false,"compat_wrappedjsobject":false,"compatopts_for_requires":true,"noframes":null,"override":{"merge_connects":true,"merge_excludes":true,"merge_includes":true,"merge_matches":true,"orig_connects":[],"orig_excludes":[],"orig_includes":["/^https:\\/\\/atcoder\\.jp\\/contests\\/[^\\/]+\\/submissions\\/[0-9]+"],"orig_matches":[],"orig_noframes":null,"orig_run_at":"document-idle","use_blockers":[],"use_connects":[],"use_excludes":[],"use_includes":[],"use_matches":[]},"run_at":null,"tab_types":null,"unwrap":null},"settings":{"enabled":true,"position":4},"meta":{"name":"AtCoder Better Highlighter","uuid":"72426747-e65f-4f43-8a7a-6735e0bde698","modified":1654443898989,"file_url":"https://greasyfork.org/scripts/412865-atcoder-better-highlighter/code/AtCoder%20Better%20Highlighter.user.js"}}