{"options":{"check_for_updates":false,"comment":null,"compat_foreach":false,"compat_metadata":false,"compat_powerful_this":null,"compat_prototypes":false,"compat_wrappedjsobject":false,"compatopts_for_requires":true,"noframes":null,"override":{"merge_connects":true,"merge_excludes":true,"merge_includes":true,"merge_matches":true,"orig_connects":[],"orig_excludes":[],"orig_includes":[],"orig_matches":["https://atcoder.jp/contests/*/submissions"],"orig_noframes":null,"orig_run_at":"document-idle","use_blockers":[],"use_connects":[],"use_excludes":[],"use_includes":[],"use_matches":[]},"run_at":null,"tab_types":null,"unwrap":null},"settings":{"enabled":true,"position":5},"meta":{"name":"AutoSubmissionsSettings.js","uuid":"b0b2899e-5415-45d0-9c06-a320f6768e29","modified":1654445078739,"file_url":"https://greasyfork.org/scripts/390514-autosubmissionssettings-js/code/AutoSubmissionsSettingsjs.user.js"}}