{"options":{"check_for_updates":true,"comment":null,"compat_foreach":false,"compat_metadata":false,"compat_powerful_this":null,"compat_prototypes":false,"compat_wrappedjsobject":false,"compatopts_for_requires":true,"noframes":null,"override":{"merge_connects":true,"merge_excludes":true,"merge_includes":true,"merge_matches":true,"orig_connects":[],"orig_excludes":[],"orig_includes":[],"orig_matches":["https://atcoder.jp/contests/*/editorial","https://atcoder.jp/contests/*/editorial?*"],"orig_noframes":null,"orig_run_at":"document-idle","use_blockers":[],"use_connects":[],"use_excludes":[],"use_includes":[],"use_matches":[]},"run_at":null,"tab_types":null,"unwrap":null},"settings":{"enabled":true,"position":3},"meta":{"name":"View All Editorials","uuid":"bd9ef495-721b-4aeb-b791-8decc5ae617f","modified":1654443870266,"file_url":"https://greasyfork.org/scripts/416554-view-all-editorials/code/View%20All%20Editorials.user.js"}}